"Xc1.A","Xc1.R","Xc1.N","Xc1.D","Xc1.C","Xc1.E","Xc1.Q","Xc1.G","Xc1.H","Xc1.I","Xc1.L","Xc1.K","Xc1.M","Xc1.F","Xc1.P","Xc1.S","Xc1.T","Xc1.W","Xc1.Y","Xc1.V","Xc2.lambda.1","Xc2.lambda.2","Xc2.lambda.3","Xc2.lambda.4","Xc2.lambda.5","Xc2.lambda.6","Xc2.lambda.7","Xc2.lambda.8","Xc2.lambda.9","Xc2.lambda.10","Xc2.lambda.11","Xc2.lambda.12","Xc2.lambda.13","Xc2.lambda.14","Xc2.lambda.15","Xc2.lambda.16","Xc2.lambda.17","Xc2.lambda.18","Xc2.lambda.19","Xc2.lambda.20","Xc2.lambda.21","Xc2.lambda.22","Xc2.lambda.23","Xc2.lambda.24","Xc2.lambda.25","Xc2.lambda.26","Xc2.lambda.27","Xc2.lambda.28","Xc2.lambda.29","Xc2.lambda.30"
16.532749544747,13.0662052853645,12.5328907839211,16.7994067954687,6.93308851876486,19.465979302686,14.9328060404166,18.3993502997991,8.79968927381694,14.9328060404166,34.1321280923809,19.1993220519642,5.59980226515623,12.2662335331994,15.9994350433035,24.265809815677,14.3994915389732,2.39991525649553,10.9329472795907,25.3324388185639,0.0248553248549309,0.0241372237337689,0.0244990288673756,0.0245797869683467,0.0252950878708539,0.0239266822624791,0.0241573900796262,0.025067828962008,0.0245460533503076,0.024729166305635,0.0246756505029007,0.0238492766067956,0.0246297040917487,0.0250468695073818,0.024663363846136,0.0237728527305413,0.0250231567655381,0.0251305537826792,0.024470903440599,0.0241201479847359,0.0241149777001123,0.0241451959333043,0.0238117858953695,0.023781230935835,0.0237506496651593,0.0246407085926559,0.0239907218299596,0.0237887315686606,0.0248609530555918,0.0252817415872379
5.40438295948359,2.10170448424362,3.90316547073815,1.20097399099635,0.900730493247266,3.30267847523997,2.7021914797418,6.00486995498177,1.50121748874544,5.40438295948359,12.3099834077126,2.7021914797418,1.20097399099635,6.90560044822904,5.1041394617345,7.8063309414763,6.00486995498177,0.600486995498177,4.20340896848724,6.60535695047995,0.0221460587830286,0.0228892935315035,0.0240413014937617,0.0249192773422128,0.0231295915597321,0.0236584998567879,0.0214622126188731,0.0231606855898312,0.0228631482193563,0.0221636518252515,0.0238100177130593,0.0243120993228695,0.0225201824815796,0.0230268267255827,0.022323129885399,0.024272674716653,0.0214945106618428,0.021613520741153,0.0232531825182629,0.0225828451547175,0.0244554205672826,0.0236077517395171,0.0246635972274922,0.0234447576850466,0.0225166523812036,0.025212957697499,0.0244022534975245,0.0242217635667305,0.0239824017635912,0.0236062353835662
12.0530315597963,8.71921431985264,7.69342439986998,7.18052943987865,2.82092227995233,10.2578991998266,4.35960715992632,6.15473951989598,4.87250211991765,6.41118699989165,18.4642185596879,6.92408195988298,4.10315967993065,8.46276683985698,8.71921431985264,16.4126387197226,6.41118699989165,2.30802731996099,8.46276683985698,7.69342439986998,0.0253522810619355,0.0262982571549693,0.0258619134503348,0.0247973150156196,0.0250702118239642,0.0241536914000411,0.0245606033343625,0.0236045082291574,0.0261888481156629,0.0254075352647685,0.0251562252630154,0.0226481310472787,0.0237414209240998,0.0254091036359715,0.0253978696752778,0.0240493491789201,0.0258459466546548,0.0259897033838727,0.0243978492482268,0.0231728659513045,0.0255579889687983,0.0254316478208535,0.0247673854478214,0.0236795544615513,0.0235935929269657,0.0251908698470406,0.0253350484519143,0.0237312604560249,0.024528932816975,0.0246326089929513
8.62081111073731,2.78090680991526,8.34272042974578,9.17699247272036,0.834272042974578,6.11799498181357,2.22472544793221,7.78653906776273,3.05899749090679,10.8455365586695,10.2893551966865,11.4017179206526,1.94663476694068,6.3960856628051,2.78090680991526,12.7921713256102,11.6798086016441,0.278090680991526,3.89326953388137,9.73317383470341,0.0248151961899247,0.023303105308706,0.0234767313688527,0.0246773382879367,0.0244820905667313,0.0219881109380688,0.0242248757337115,0.0235526184366668,0.0232344501065098,0.0237723926481787,0.0232807322707921,0.0222298568278796,0.0251403852524543,0.0252037647127394,0.0238582524902283,0.0259466157468529,0.0222712782121913,0.0236653375649786,0.0242378140675664,0.0237213571205817,0.023524444826894,0.0254513521268252,0.0229460389103762,0.0252070983611965,0.0250141083413999,0.0240529954982817,0.0242347289128061,0.0261709997802745,0.0235029022636964,0.0247223461351717
12.0530315597963,8.71921431985264,7.69342439986998,7.18052943987865,2.82092227995233,10.2578991998266,4.35960715992632,6.15473951989598,4.87250211991765,6.41118699989165,18.4642185596879,6.92408195988298,4.10315967993065,8.46276683985698,8.71921431985264,16.4126387197226,6.41118699989165,2.30802731996099,8.46276683985698,7.69342439986998,0.0253522810619355,0.0262982571549693,0.0258619134503348,0.0247973150156196,0.0250702118239642,0.0241536914000411,0.0245606033343625,0.0236045082291574,0.0261888481156629,0.0254075352647685,0.0251562252630154,0.0226481310472787,0.0237414209240998,0.0254091036359715,0.0253978696752778,0.0240493491789201,0.0258459466546548,0.0259897033838727,0.0243978492482268,0.0231728659513045,0.0255579889687983,0.0254316478208535,0.0247673854478214,0.0236795544615513,0.0235935929269657,0.0251908698470406,0.0253350484519143,0.0237312604560249,0.024528932816975,0.0246326089929513
6.90289649537496,3.03727445796498,3.86562203740998,1.10446343925999,0.552231719629997,2.48504273833499,1.65669515888999,7.73124407481995,1.10446343925999,5.24620133648497,9.94017095333994,3.03727445796498,2.48504273833499,5.24620133648497,5.24620133648497,3.31339031777998,5.52231719629997,1.65669515888999,2.76115859814998,6.90289649537496,0.0238452629027039,0.0232928311253995,0.02293966937951,0.0242544294249816,0.0237027513024112,0.0225838666294013,0.0241163481739081,0.0233306252537658,0.025625378829907,0.0237181150633578,0.0244217883982296,0.0266205461619235,0.0244635849415701,0.0235025482772677,0.0256375135150695,0.0244061198887495,0.0248748778233696,0.0264217963093117,0.0229311138836505,0.0244695141854416,0.0243097600501844,0.0243517000751515,0.0253735145824025,0.0230400865945867,0.0241999409672844,0.0230178858337982,0.0229322833826918,0.0250577594282579,0.0235030796604477,0.022939448140267
1.06653245936797,2.13306491873594,1.59979868905195,1.86643180389395,1.06653245936797,2.66633114841992,1.59979868905195,0.799899344525977,1.33316557420996,3.19959737810391,3.4662304929459,2.39969803357793,1.33316557420996,2.93296426326192,1.59979868905195,2.93296426326192,3.73286360778789,0.266633114841992,2.39969803357793,2.93296426326192,0.0251102271051662,0.0258399992293766,0.0251142568609137,0.0233232433670314,0.0249747422862043,0.028215223186157,0.0266299615655423,0.024544916422019,0.0248742376193257,0.0240599823019517,0.0234622778342737,0.0236783602611951,0.0238176838839697,0.0244062270907788,0.0239183234213362,0.0246958812566674,0.0230048805332608,0.0234729014694653,0.0247122378567882,0.0235808647262391,0.0240258532921979,0.0217922953891488,0.0247145788468676,0.0223263955087111,0.026493444394877,0.0226936115416919,0.0257010523432683,0.0249323093113305,0.025175088198102,0.0240758280541503
3.46234531545083,1.59800553020807,0.532668510069358,1.86433978524275,0.799002765104037,2.92967680538147,2.13067404027743,3.19601106041615,0.799002765104037,0.532668510069358,6.65835637586698,1.86433978524275,1.59800553020807,2.66334255034679,2.39700829531211,2.13067404027743,2.13067404027743,0.532668510069358,0.799002765104037,3.72867957048551,0.0242255566851345,0.0264819911327588,0.0252826989490881,0.023312341157882,0.0239264279297935,0.025908694032948,0.0240232274092213,0.0223345395494156,0.0232454186639271,0.0216339701488222,0.0242039383135868,0.024900937198269,0.0242465348069426,0.0255435135950153,0.0274831822059103,0.0243242166979925,0.0240496171383765,0.0248583392728092,0.0226142341105874,0.0251817214522397,0.0233728029871357,0.0251562324293256,0.0268040082575361,0.0265304099626174,0.024035694701495,0.0227527728408476,0.0264187797041237,0.0257504892678177,0.0221543478663484,0.0229091064973536
5.61875336396357,3.83096820270243,4.59716184324292,7.66193640540486,2.29858092162146,5.61875336396357,2.55397880180162,5.61875336396357,3.06477456216194,6.38494700450405,12.2590982486478,7.4065385252247,2.29858092162146,6.64034488468421,2.29858092162146,7.66193640540486,3.32017244234211,0.766193640540486,4.34176396306276,6.64034488468421,0.025292164208644,0.0235640083948417,0.0244236348475056,0.0262843414002244,0.0257870340532327,0.0241325861046943,0.0250590742950248,0.0230215600681327,0.0248020974853432,0.0246312622885451,0.0243913435148063,0.0238187931450401,0.0255987690413341,0.0252722732422852,0.0239938877913023,0.0266099077286183,0.0246355940472626,0.0254438218141442,0.0257577662877658,0.0246908450981618,0.0244537685692402,0.0246115016084412,0.0241575961811406,0.0252827148177113,0.0254127053724499,0.0255742182598438,0.0247172848454182,0.0255020967378319,0.023528914420345,0.0241505541505068
4.48684632440617,1.49561544146872,1.19649235317498,0.897369264881234,1.19649235317498,1.19649235317498,2.99123088293745,4.78596941269991,2.39298470634996,8.37544647222485,9.27281573710608,2.99123088293745,2.09386161805621,6.28158485416864,4.18772323611242,7.47807720734361,3.88860014781868,1.49561544146872,3.29035397123119,4.18772323611242,0.0231085306008305,0.0234708733223042,0.0213257218929537,0.0228494186412582,0.0226355015514213,0.0234639111905596,0.0215567624875891,0.0244771598703507,0.0232344307579995,0.0226755423384876,0.0230367002816238,0.0234859181802336,0.023774412896729,0.0207902041214449,0.0248635462035196,0.0240927441167114,0.0210761128044885,0.0250990671710137,0.0236341788813523,0.0233695933154806,0.0242719150875674,0.0242610150023462,0.0235039822180411,0.0236645576405464,0.0241407080512384,0.0234768020785865,0.0243599483762076,0.0232071124839946,0.024029972520729,0.0239405676206464
2.22615202903228,1.66961402177421,2.50442103266131,1.94788302540324,0,1.66961402177421,2.78269003629035,0.55653800725807,1.39134501814517,3.06095903991938,3.89576605080649,1.66961402177421,1.94788302540324,2.22615202903228,1.66961402177421,3.06095903991938,1.66961402177421,0.278269003629035,2.22615202903228,1.39134501814517,0.0256756107116893,0.0274107461455701,0.0248367696936057,0.0227136754412725,0.0242038012971898,0.0267392341522645,0.0221745798082272,0.0228690446323605,0.0241045746896058,0.0289658730823689,0.0238717641550899,0.0200846954840915,0.0225735297753425,0.0238459627303491,0.022470509747631,0.0217892399168461,0.0243973911256368,0.0232980367712971,0.0216506539535647,0.0252105015802484,0.0250153265921077,0.0245450225839124,0.0219682544683691,0.025244028283667,0.0272666254678643,0.0229975834335834,0.0232466945861161,0.0227232321310044,0.0252878160835788,0.0245502178465104
6.51941630820377,3.95821704426657,0.931345186886252,1.16418148360782,0.465672593443126,3.72538074754501,1.16418148360782,2.56119926393719,0.931345186886252,1.62985407705094,5.12239852787439,2.56119926393719,0.465672593443126,2.32836296721563,0.931345186886252,2.09552667049407,2.79403556065876,0.465672593443126,0.465672593443126,3.49254445082345,0.0255985872870333,0.0264677778939274,0.0282139969465039,0.0268638765574023,0.0238882554713717,0.0243099938438402,0.023812576015955,0.0252926157471225,0.0272226618349723,0.0240255184009748,0.0269276015874177,0.0258276930705711,0.0254699090513434,0.0247138237733279,0.0264698278403549,0.0256460946720565,0.0267850904750888,0.0247214441826367,0.0252462480870662,0.0261821959845186,0.0243595753330459,0.0252547623897053,0.0254405478437444,0.0264700059824629,0.0265230978031784,0.0252123144016865,0.0272642408481378,0.0228190759027419,0.0244842407740451,0.0256500532762037
4.05814400422404,2.02907200211202,4.05814400422404,1.44933714436573,0.289867428873146,3.47840914647775,0.579734857746292,5.79734857746292,1.73920457323887,4.92774629084348,12.1744320126721,2.89867428873146,1.44933714436573,7.53655315070179,5.21761371971662,6.37708343520921,4.34801143309719,0.869602286619437,3.1885417176046,6.08721600633606,0.0235569184857239,0.0229905184987042,0.0239316511362292,0.0223274990085563,0.0231595584626755,0.0222018845333813,0.0224446912438341,0.0219766549414737,0.0259789118315969,0.0235549573883248,0.0224939150984184,0.0242131072109778,0.0232867674961601,0.0246360490255626,0.0234763516692032,0.0246678483333384,0.0235385334356675,0.0236183509398174,0.0230801495783836,0.023467874655887,0.0224489499204624,0.0260176530322249,0.0240036842955604,0.0235961997098341,0.0238426251059916,0.0246256963829022,0.0244765291416956,0.0242354435369573,0.0247274674024865,0.0235561296248233
8.75227245630721,6.7517530377227,8.25214260166108,14.5037657847377,2.50064927323063,10.7527918748917,6.25162318307658,13.0033762207993,2.75071420055369,7.25188289236883,14.0036359300915,7.50194781969189,3.75097390984595,5.00129854646126,6.25162318307658,11.2529217295378,5.50142840110739,3.75097390984595,7.50194781969189,8.25214260166108,0.0237393552160957,0.0254898018204543,0.0233970612802939,0.0243653170093737,0.0263262448168816,0.0244701381157168,0.0242747636899383,0.0247902838282044,0.0258339249779851,0.0235218084063007,0.0246875805425713,0.0250788629589024,0.0255906957143968,0.0245802056003735,0.0248669864515251,0.025299560351301,0.0244263768416823,0.025014504697365,0.0247585330474681,0.0255441483335454,0.0249541148641103,0.0240665043243883,0.0248609589136563,0.0263806388394313,0.0252608073487111,0.0243978026868796,0.0267144277821612,0.0261505457592059,0.0251995975410652,0.0258935209169524
15.2504925264182,11.6317315879461,8.01297064947397,11.8902145121227,4.39420971100185,12.4071803604758,8.52993649782712,19.3862193132435,7.49600480112081,7.23752187694423,18.3522876165371,5.68662433188475,4.13572678682527,4.91117555935501,12.1486974362992,13.6995949813587,10.8562828154163,5.16965848353159,5.42814140770817,16.2844242231245,0.0247142772847151,0.0249807865985896,0.023869001163617,0.0232958743905461,0.0240068202482425,0.0255245596116376,0.0247045688922925,0.0250572466313741,0.0234362024265453,0.0244594535513547,0.0258430437980253,0.024914245186979,0.0245676088701737,0.0251481592077368,0.0249046430408749,0.0246300772009496,0.0249676126062127,0.024857122688974,0.024508615751694,0.0247114255110464,0.0254595636630719,0.0251988720983623,0.0233998539784984,0.0241963433522578,0.0248477087013947,0.0252278365922327,0.0249279585813627,0.0245060048667526,0.0255072795606147,0.0251443097672917
1.8630961867266,1.8630961867266,1.8630961867266,1.0646263924152,0.798469794311399,1.8630961867266,2.661565981038,2.1292527848304,0,2.1292527848304,3.7261923734532,1.330782990519,0.798469794311399,0.798469794311399,0.798469794311399,2.3954093829342,1.330782990519,0.2661565981038,0.2661565981038,2.9277225791418,0.0226398972988407,0.0232088417570432,0.019548328424383,0.0209507850578463,0.0257121913596046,0.0230346708233372,0.0217131661484239,0.0225962407857758,0.0228371355211703,0.0226975161236205,0.0257577629708666,0.0243745335054271,0.0217591774514179,0.0257245096724624,0.0251443213610729,0.0259909371269422,0.0261118211861583,0.0249792705308347,0.0257427558000695,0.0267796581574953,0.0266001020619631,0.0239476972521952,0.0269530934918681,0.0263799848628019,0.0250500189460705,0.0258317436815048,0.0275523743145613,0.0222572747158115,0.0276518616493671,0.0243157298572643
10.0137309806936,5.72213198896775,6.00823858841614,5.43602538951937,1.14442639779355,6.86655838676131,4.86381219062259,12.8747969751774,4.86381219062259,8.58319798345163,18.5969289641452,2.86106599448388,5.72213198896775,14.3053299724194,4.86381219062259,14.3053299724194,8.58319798345163,0.858319798345163,5.14991879007098,11.4442639779355,0.0223337280865985,0.0234592777706948,0.0228974947937773,0.0227881810277474,0.0237113741189086,0.0234961191825267,0.0236241605561708,0.0227789563326683,0.0248728361989377,0.0244041278680052,0.0243552032178994,0.0242864532952636,0.0241337659969642,0.0236412710606483,0.0237890150004059,0.0239786128667489,0.0241941669171333,0.024996209383884,0.0239975379932089,0.0247652884905966,0.0233844126773424,0.0243422903803504,0.0253417784385015,0.024591296598832,0.0233833965477932,0.0235990268849999,0.0231717353048496,0.0234051448675807,0.0217703247552934,0.0244002139372807
3.51219159230141,4.51567490438753,3.26132076427988,4.264804076366,0.501741656043059,3.26132076427988,2.50870828021529,3.26132076427988,0.501741656043059,2.75957910823682,7.52612484064588,3.51219159230141,3.51219159230141,0.752612484064588,1.00348331208612,5.77002904449518,2.50870828021529,0.501741656043059,0.752612484064588,4.264804076366,0.0222645471852176,0.0255970882203747,0.0251694205281852,0.0247368888056506,0.0260081816525371,0.0246966674525158,0.0213199462404092,0.0247188014906811,0.0249295717720737,0.0227285303805835,0.0243915986512457,0.0257029567602091,0.0256786215913798,0.0217618315798061,0.0241360065388573,0.0273442516743139,0.0262660916004409,0.0246311305874773,0.0257198721998999,0.025804673330573,0.0235360262913025,0.0264774998400623,0.0260880235413683,0.0264629883372658,0.0258496863967398,0.0283732295727217,0.0260193134569427,0.0228449289375198,0.0252363620701805,0.0246344352919356
37.4437131212844,33.7520794332704,51.9465597527678,54.8471290790645,5.53745053202093,60.120891490513,34.2794556744153,34.5431437949877,15.0302228726282,65.3946539019615,85.4349510654658,61.1756439728027,22.940866489801,36.1252725184223,34.2794556744153,77.7879955688655,42.9811636533053,8.17433173774519,24.2593070926631,42.9811636533053,0.025350459651717,0.0240377430152992,0.0244234178419361,0.0242720296259042,0.0244369842476154,0.0252806217753171,0.024156405481912,0.0247288986696098,0.0243714481453633,0.0246357098626826,0.0241026434135503,0.0236927769964918,0.024699564113861,0.0241949859232066,0.0243613431345888,0.024317982612851,0.0249346425195809,0.0245051528278304,0.0243034163345761,0.0242134723826867,0.0249017056196439,0.0246441688887508,0.0244493513128214,0.0243780926276795,0.0243462075966243,0.0248899701664808,0.0248486351482132,0.0246681354994825,0.0252816478173791,0.0248842661739188
17.7646850415267,7.04947819108203,14.0989563821641,14.3809355098074,7.89541557401188,17.4827059138834,6.20354080815219,19.4565598073864,3.38374953171938,27.069996253755,25.3781214878953,16.9187476585969,7.33145731872532,12.6890607439477,8.17739470165516,23.1222884667491,21.4304137008894,2.53781214878953,7.33145731872532,23.4042675943924,0.0242647190278443,0.0251781489929697,0.0240967234611772,0.0226627218314564,0.0238470840643202,0.0231763319012417,0.0238814574986436,0.0240644016341254,0.0229268176391944,0.0237434083617471,0.0230196411277728,0.023468258018824,0.0238500443611208,0.0243381969694275,0.0239637401213607,0.0243951844587869,0.0239510214897476,0.0238231211910257,0.0235178251069204,0.0255762528524085,0.0238567909335397,0.0237611770647479,0.0244074607226468,0.0244357945735229,0.0233089427412535,0.023660487855554,0.0245354838554436,0.023977874786933,0.0236370382081124,0.0246947215048497
14.6069374600629,9.06637497521143,6.54793748209714,10.3255937217686,1.76290624518,10.57743747108,5.03687498622857,17.3772187024886,4.53318748760572,8.05899997796572,13.8514062121286,7.55531247934286,3.52581249036,4.02949998898286,9.06637497521143,10.57743747108,8.8145312259,3.02212499173714,5.28871873554,11.8366562176371,0.0239203049342565,0.0250910328233048,0.0247993492361049,0.0246139045875749,0.0244856666888051,0.0243937907257896,0.0251500904030834,0.0244872599318873,0.0249627811974905,0.0255020110481814,0.023686832942212,0.0256988874053255,0.0268080362209171,0.0249433346950668,0.0254669539635021,0.024241917564867,0.0252289906061659,0.0249738543058015,0.0238494224470989,0.0251087838084301,0.0258760995450064,0.0243429935561061,0.0258810715036871,0.0254829548404111,0.0249389882300567,0.0246385163978842,0.0249960618727652,0.0257830354116284,0.0252017798872085,0.0236015439079521
11.2145821021105,4.53923561275902,7.47638806807368,7.74340192764774,2.13611087659248,9.3454850850921,3.47118017446278,8.54444350636992,2.93715245531466,7.20937420849962,14.9527761361474,3.20416631488872,3.73819403403684,8.81145736594398,5.60729105105526,14.4187484169992,5.87430491062932,2.6701385957406,8.0104157872218,7.47638806807368,0.0238020771652554,0.0254648126577674,0.0249655482445737,0.0243286305636996,0.0244092892467844,0.0244935193356737,0.0245549182484245,0.0242519946522663,0.0249812390032032,0.0246611097493183,0.0228343947464091,0.0248236226614253,0.0254223903301582,0.024151963901243,0.023788583313658,0.0236618042959479,0.0256587066541717,0.0236562964066212,0.0236470803030285,0.023319757250803,0.0238587577011801,0.0251120340733117,0.0249805166361769,0.0248315444427097,0.024650202325154,0.0250704108166659,0.0242424069176084,0.0266329783834424,0.0236272441080058,0.0231023062912526
7.52394738908433,3.61149474676048,3.61149474676048,9.32969476246457,0,9.63065265802794,4.21341053788722,7.8249052846477,0.902873686690119,1.50478947781687,7.52394738908433,12.0383158225349,0.601915791126746,1.80574737338024,8.42682107577445,13.8440631959152,10.2325684491547,0,1.80574737338024,4.81532632901397,0.0228501755099864,0.0218698084788902,0.0209200161420572,0.0239904208392062,0.0228472771863826,0.02366166844883,0.0244141383637629,0.0210211652503807,0.0232804388281667,0.0242027695590393,0.0212503969911265,0.022285038663231,0.0240468172202138,0.0230208522877369,0.0245196288347837,0.0217260288513913,0.0235861117628754,0.0234673186761623,0.0241929557102391,0.0247639886950801,0.0231089730316332,0.0239792756090979,0.024269149204006,0.0240913024308664,0.0223956908968508,0.0243791541552176,0.023399647851484,0.0228988519436294,0.0242846674571491,0.0243183755571504
20.963258513398,7.44747341923351,9.10246751239651,12.9641203964435,4.41331758176801,14.6191144896065,11.8607910010015,9.37829986125701,4.96498227948901,12.688288047583,24.273246699724,13.239952745304,4.96498227948901,9.10246751239651,11.8607910010015,22.618252606561,10.481629256699,1.654994093163,9.10246751239651,16.2741085827695,0.0235036805845067,0.0238709595159187,0.0243432740645459,0.0226457207440397,0.0242294968639806,0.0245947800628996,0.0244717451166702,0.0245339478170836,0.0250088952007448,0.0255031633513288,0.023743538684521,0.0255065901757572,0.024472495673041,0.0243783648452384,0.0230887330082416,0.0240011854490116,0.0237211125163534,0.0231721939832385,0.0242485199613224,0.0241381996305681,0.0241203742770544,0.0232210402310977,0.023099695583939,0.0250065327445219,0.0243119012087902,0.0235877946586896,0.0243289447874123,0.0246763105700034,0.025356698182159,0.0232817616468203
6.22605492742981,4.73180174484665,4.48275954774946,4.48275954774946,1.24521098548596,8.96551909549892,2.49042197097192,6.475097124527,1.24521098548596,8.71647689840173,8.71647689840173,8.96551909549892,3.48659075936069,5.22988613904104,5.47892833613823,7.22222371581858,4.73180174484665,0.996168788388769,4.73180174484665,7.96935030711015,0.0259973587209442,0.0242901712113238,0.0262910191696651,0.0256529074870232,0.0261115564634243,0.0250470001032971,0.0258062416440695,0.0243963077212032,0.0262629850937593,0.0237479874205422,0.0255537491537948,0.0242733519652604,0.0268935354295648,0.0248049038701622,0.0248341435052778,0.0250955549966496,0.0256868228907242,0.025651063792755,0.0259334909092592,0.0236829179715705,0.0253147200334283,0.0236747557297621,0.0246531369113571,0.0239370638723476,0.0247954137894517,0.0245579128406394,0.0249485144780098,0.0242713805442664,0.0233328074648719,0.0254590277184029
18.5777682755207,10.7697207394323,8.34653357306,17.7700392200632,3.50015924031549,17.2315531830916,9.96199168397484,13.1929079058045,5.65410338820194,15.6160950721768,27.1935448670665,16.69306714612,6.19258942517355,6.73107546214516,13.1929079058045,26.385815811609,11.8466928133755,0.80772905545742,8.61577659154581,14.2698799797477,0.0242286269981399,0.0255077743870663,0.0236290989148769,0.0231600762612275,0.0242525885597831,0.0253495389722573,0.0235853246499748,0.0255414716572135,0.0256597469746695,0.0249302331385761,0.0240710276986993,0.0236458772894928,0.0248708905811715,0.0246041974045853,0.0230570017736709,0.0234620815328109,0.0243895768603295,0.0238934127990731,0.0234309718640929,0.0246880285103703,0.0248629304717549,0.0243123146357454,0.0242487961906764,0.0242947241689065,0.0242727781299002,0.0239908565115216,0.0248269319840428,0.0245963982911959,0.0256728478122206,0.0237208564901479
11.7397781450671,6.82545240992272,8.46356098830417,8.46356098830417,1.09207238558763,10.6477057594794,6.55243431352581,4.64130763874745,1.09207238558763,6.55243431352581,18.2922124585929,9.82865147028871,3.2762171567629,4.36828954235054,6.2794162171289,15.01599530183,8.19054289190726,0.273018096396909,5.18734383154126,8.73657908470108,0.0248226769189536,0.0261132403464599,0.0239699752802167,0.0231526709763341,0.0264844666531104,0.0248540108511641,0.0243502355133355,0.0240033799961404,0.0250159147507772,0.0238718837256003,0.0226401969687009,0.02450654329265,0.0236002208750171,0.0244826976986561,0.0233539090444828,0.0245981305970023,0.0238452047269636,0.0247655075770289,0.0244482256060318,0.0246725166102967,0.0235470125722749,0.0239714171960394,0.0237922493480968,0.0249009667734721,0.0237860489922099,0.0233115269670044,0.0250288755492993,0.023870283698551,0.023503357831906,0.023718556665315
12.2657267479869,7.24792944199226,9.19929506099018,10.8718941629884,1.95136561899792,7.80546247599167,7.80546247599167,10.8718941629884,5.57533033999405,8.36299550999107,17.5622905709813,8.08422899299137,4.18149775499554,6.96916292499256,12.5444932649866,17.5622905709813,12.5444932649866,2.50889865299732,6.41162989099316,10.314361128989,0.023369177395397,0.0245390315730967,0.0232053120731248,0.0230611623674153,0.0243135971716853,0.0251911328575067,0.0241504070162206,0.0242983853175655,0.0244670327873996,0.0229243288975534,0.0236620882034178,0.0246897169452528,0.0246264565822224,0.0239902134963578,0.0239508221331202,0.0242383369278074,0.024170698565115,0.024074139087986,0.0238562429891599,0.0238479183082054,0.0257731247708232,0.0233225364203223,0.0228201117383885,0.0243130996078504,0.0238776792177236,0.0249853037360275,0.0222871048798064,0.0248837374923618,0.0253425105110186,0.0230020739303657
1.3510949258566,0.810656955513959,2.43197086654188,2.43197086654188,2.97240883688451,1.62131391102792,0.27021898517132,0.27021898517132,0.540437970342639,4.05328477756979,3.51284680722715,4.05328477756979,1.08087594068528,3.78306579239847,0,3.78306579239847,2.43197086654188,1.08087594068528,1.62131391102792,4.05328477756979,0.0221484910464632,0.0215893477752792,0.0247937435201133,0.0244250029132931,0.024338949868707,0.0247867585164769,0.0200397287223214,0.0229791895047102,0.0229347340795788,0.0251724269857243,0.0258097777312873,0.0250737690132696,0.0261506669470296,0.0223481482018643,0.0242277227875646,0.0240712235667127,0.0258030876727384,0.0263986817630344,0.0250567279469576,0.0258279602688004,0.0214297869796839,0.0251461990456471,0.0260271731721589,0.0256687697155412,0.0252537645291673,0.0260443425674343,0.0222618272797443,0.0248537461885802,0.0248551181439874,0.0242641483748096
12.7259533375857,8.93524383277297,16.245897877769,11.1013635498088,4.60300439870123,13.5382482314742,8.393713903514,5.68606425721916,2.70764964629484,14.6213080899921,22.4734920642472,9.47677376203194,5.14453432796019,7.85218397425503,8.66447886814349,15.9751329131396,10.8305985851794,2.70764964629484,7.03988908036658,13.2674832668447,0.0238939537468895,0.0256244730700077,0.0242603097519202,0.0229474531237386,0.0253202583856362,0.025544023765438,0.0235786719626313,0.0233717226658212,0.0249758468510021,0.0248337067157202,0.0245917841987833,0.0252108235174689,0.0235140654949615,0.0237776477696842,0.0236959489243021,0.0241926500152106,0.0235640495918078,0.0243175757193198,0.0238204413244102,0.0247487896368691,0.0236371960266805,0.0256953915643565,0.0242544501080469,0.0241176617251911,0.0247119022200376,0.0242455995443288,0.0240468888527665,0.0241174996429812,0.0245505194191316,0.0240737300353728
20.0463872623988,8.63108340464395,7.23897317808847,13.6426802202437,4.17633067966643,12.2505699936882,8.63108340464395,16.1484786280435,3.89790863435533,20.8816533983321,24.5011399873764,11.9721479483771,6.12528499684409,11.4153038577549,10.0231936311994,27.5637824857984,12.8074140843104,2.50579840779986,5.01159681559971,24.2227179420653,0.0244454136270818,0.0252390089077655,0.0232303106426318,0.0230158300592002,0.0243846268148466,0.0232782420837084,0.0238988872329693,0.0237853894494949,0.0254764858921222,0.0242101375435174,0.0229669632068296,0.0236480819997732,0.0238197345512266,0.0240855465932567,0.0235483304517466,0.0244350182298275,0.024543676419712,0.0240564915457647,0.0241306854511642,0.0254591823349912,0.0243388744557103,0.0249213880038524,0.0238944692094071,0.024037179680271,0.0243936772369821,0.0238259406034488,0.0237204041571424,0.0241208876146754,0.0233336851060913,0.0233334055836937
19.0726639679384,12.4502112012931,8.74163765197177,11.3906187586299,5.82775843464785,11.9204149799615,9.53633198396921,17.2183771932777,7.41714709864272,7.15224898797691,16.9534790826119,6.62245276664528,2.11918488532649,6.09265654531366,13.5098036439564,15.0991923079512,14.5693960866196,4.50326788131879,5.82775843464785,15.0991923079512,0.0246816418377701,0.0242705341651039,0.0247527633765623,0.0238800930635696,0.0224636413012015,0.0247818502023215,0.0255517844624989,0.0229510924194535,0.024482188208427,0.0247005527932532,0.0244727800423669,0.0253416089007474,0.0243573347257245,0.024943826591003,0.023859341810214,0.0251444593997658,0.0254717550620159,0.0241197041329479,0.0244802929701033,0.0248248368334837,0.0254971422768547,0.0259042966850744,0.0230089584594348,0.0236829904463888,0.0253057889064747,0.0252495850338867,0.0247182728821529,0.0235985037000122,0.0239999061250176,0.0246043625203578
4.16296838318671,2.86204076344086,3.12222628739003,2.34166971554252,1.56111314369502,3.12222628739003,2.08148419159336,2.60185523949169,1.30092761974585,5.20371047898339,5.72408152688173,3.90278285923754,1.56111314369502,2.86204076344086,1.04074209579668,3.64259733528837,3.90278285923754,0.520371047898339,1.82129866764419,3.90278285923754,0.0248147215501248,0.0242787755436984,0.0235315624925477,0.0242443275408085,0.0247494310286109,0.0264749633072241,0.0240391688570447,0.023146072289682,0.0253255027845534,0.0200541782817843,0.0251433677392895,0.0231834889434784,0.0221747447463505,0.024883022198767,0.0258406188531164,0.0255143528107707,0.0239984400660135,0.0242944293949087,0.0275131082038722,0.0243775329003368,0.0255516951301554,0.0253209089213405,0.0267413423966833,0.025298851262587,0.0233211150201801,0.0257100811771038,0.024448674503574,0.0260490147548891,0.0262667944120855,0.0235241889392494
17.5456732953389,12.4946461345595,19.6724215735618,28.1794146864534,10.1020543215588,24.7234487343412,10.6337413911145,23.9259181300076,7.97530604333588,23.128387525674,31.3695371037878,19.1407345040061,4.2534965564458,27.116040547342,17.8115168301168,40.9399043557908,22.3308569213405,5.84855776511298,17.2798297605611,25.2551358038969,0.0233979740416892,0.0250254475618089,0.0247748513410805,0.0249239658192663,0.0247200623905813,0.0246853803687783,0.0244541257542301,0.024331985547217,0.023834524443377,0.0238954601526376,0.024500715282547,0.0244813053424608,0.0248820140428451,0.024991542967323,0.0251874279651596,0.0238266305056186,0.0247849785122203,0.0239137599711819,0.0241737042152198,0.0248264236829244,0.0242861755180604,0.0250011783678519,0.0245175865945984,0.0242826245529557,0.0244957454231091,0.0248865512681502,0.0244321777494236,0.0241991993043503,0.0243840580388582,0.0240588884966129
14.4182503880535,10.2987502771811,26.7767507206707,12.0642503246978,4.11950011087242,11.1815003009394,20.0090005385232,11.1815003009394,2.94250007919459,20.8917505622816,30.3077508157043,13.5355003642951,8.23900022174485,5.88500015838918,13.5355003642951,22.6572506097983,14.7125003959729,0.588500015838918,6.47350017422809,13.5355003642951,0.0239285410011628,0.0247535401296553,0.0234026247056061,0.0229014902337984,0.0249802376528248,0.0228375079797874,0.0238466518804873,0.0229229449724862,0.0236077999774021,0.0239742279018755,0.0230610435101522,0.0230258834831683,0.0236289344648605,0.0240092683753161,0.0228576913114125,0.0238241684428753,0.023254428366945,0.0236493829800757,0.0234011544878357,0.0243403746972922,0.0237002272400928,0.0226824852286496,0.0235790375404829,0.0237137101475598,0.0236156646682458,0.0233586713693134,0.0228626194700232,0.0234531501302453,0.0236655074009837,0.0229110223299259
28.743310522523,36.8360872715829,109.671078013122,68.3700104661956,11.1624506883585,60.2772337171357,65.300336526897,49.3938442959862,22.6039626439259,109.112955478704,98.7876885919724,90.6949118429125,22.3249013767169,61.6725400531805,59.4400499155088,111.624506883585,67.5328266645687,8.92996055068677,43.533557684598,57.4866210450461,0.0248346023577514,0.0232452137434374,0.0241579652530348,0.0236443278886232,0.0241477187468576,0.0245135852163964,0.0237758752473517,0.0237912519327218,0.0238902419194662,0.0244948639488145,0.0241085304588139,0.0231733441609963,0.024013791368694,0.0237372813211366,0.0241279249732746,0.0240203108104004,0.0244067125822152,0.0242975330663165,0.0235552477187911,0.0240391240221947,0.0236642122162385,0.023935829677551,0.0240111289582921,0.0241996816628633,0.0239177304771304,0.0244355570286577,0.0243188803381337,0.0243736152282535,0.0239195951525858,0.0241870553140438
19.2039560333655,16.3873758151385,22.2765889987039,34.5671208600578,8.4497406546808,25.6052747111539,8.70579340179234,23.3007999871501,5.88921318356541,24.3250109755962,36.6155428369501,26.117380205377,2.30447472400385,23.5568527342616,13.0586901026885,35.8473845956155,23.8129054813732,4.35289670089617,15.6192175738039,24.8371164698193,0.0239052426277548,0.0247579355345327,0.0255551467325065,0.0255837028010681,0.0250664850058862,0.024502065286976,0.0251368940849035,0.0259244958904456,0.0255122458983088,0.0250454351385583,0.0247054321929547,0.0240769947517339,0.0250318968259254,0.0247565658952992,0.0241169023800773,0.0248390601682118,0.0243700079552338,0.0249680246190671,0.0246724141149922,0.0251003404860415,0.0255127826540959,0.0259260645277257,0.0245691560383711,0.0246554256164149,0.0245006360502207,0.0242626571947815,0.0252104430758964,0.0243437715749073,0.0237238767770445,0.0236151509885254
5.89545848787256,4.8701613595469,3.33221566705841,3.84486423122124,0.512648564162832,6.40810705203539,6.92075561619823,2.56324282081416,1.79426997456991,6.40810705203539,8.97134987284955,5.12648564162832,1.53794569248849,2.30691853873274,1.02529712832566,5.12648564162832,4.35751279538407,0.512648564162832,1.28162141040708,4.35751279538407,0.0248360104829088,0.0245905602956237,0.0244730003611924,0.0250547120297879,0.0246479711818931,0.0254194339706399,0.021610355223898,0.0252999147280296,0.0237348292110622,0.0230884890064538,0.0237349724700042,0.0262774074759232,0.0259703550359362,0.0238298519347471,0.0266259490228333,0.0252650920149371,0.0253361475639296,0.0241291158878586,0.0252612346759092,0.0247996835033841,0.0241996629716724,0.0262019889426386,0.025180907333791,0.0266214318654207,0.0245664511645964,0.0265056738381263,0.0250436795006976,0.024041998928534,0.0225340734305475,0.0247947638656078
22.8243538398256,15.2162358932171,21.5126093662724,22.2996560504043,3.4105356312383,23.3490516292469,12.3303980514,19.9385159980086,7.08342015718725,28.5960295234596,33.0559607335405,20.4632137874298,7.34576905189789,20.7255626821405,11.8057002619787,25.447842786932,22.0373071556937,4.7222801047915,13.6421425249532,19.6761671032979,0.0240163920082275,0.0257868371656987,0.0244058833442913,0.0246749466719499,0.0240521883345069,0.0247203200721872,0.0243682358180565,0.0240452344757705,0.0251224538647252,0.025241277150967,0.0235296522099612,0.0244801511894934,0.0243970052800011,0.0249938485232988,0.0244485878448177,0.0243406744250059,0.0253401400005438,0.0243412704837144,0.0249936099614771,0.025533050974425,0.0237639045869509,0.024738189236344,0.0245016456223616,0.0247427305282444,0.0246283577668032,0.0245830300071684,0.0253291783708779,0.024531111299427,0.0238309446623252,0.0241702534097395
2.12212511884403,3.18318767826604,4.77478151739906,5.83584407682108,0.530531279711007,6.10110971667658,5.04004715725457,2.91792203841054,1.06106255942201,4.24425023768806,5.83584407682108,3.18318767826604,2.38739075869953,1.06106255942201,0.79579691956651,1.85685947898852,3.18318767826604,0.265265639855503,0.79579691956651,4.24425023768806,0.0228849718361857,0.0251254050071459,0.0217317042715747,0.0211359401644119,0.0256354813080161,0.0274940792307311,0.0207996017674592,0.0246340675281787,0.0250582064539032,0.024163252728116,0.0222756965297817,0.0245501947936375,0.0279827306262378,0.0221987897656406,0.0237651888850857,0.0251236838585617,0.025428255261268,0.0237957986410669,0.0262196471676163,0.0281763559701524,0.0246787040998384,0.0256200087691329,0.0272186464717182,0.0265370502284304,0.0226436846416406,0.0241349346469084,0.0241391161264005,0.0238785467458708,0.0223476496147809,0.0253569670050041
24.305398889383,17.4998872003557,12.881861411373,33.2983964784546,7.53467365570871,23.5762369227015,8.99299758907169,30.8678565895164,10.6943755113285,16.5276712447804,25.0345608560644,29.895640633941,5.34718775566425,19.2012651226125,15.0693473114174,21.8748590004447,25.7637228227459,9.47910556685935,11.42353747801,22.1179129893385,0.0248691649985065,0.0246948581646891,0.0241294398508706,0.0256882219107051,0.0260648406716036,0.0256940250558034,0.0261734768871133,0.0252503420431119,0.0250593766374862,0.0248584850348548,0.0258727056709216,0.0246404513119951,0.025304966385129,0.0250380386765353,0.0247882296056921,0.0257429471279844,0.026514798774444,0.0252331006546612,0.0259002522924619,0.0254128116029978,0.0254773448567466,0.0248297419201274,0.0247785119353921,0.025387636747327,0.0251982268834903,0.0248585086018841,0.0244208415912133,0.0247464094098568,0.025108866664522,0.0252093891380439
13.645909219179,8.29457227048134,6.42160433843716,9.36483966022086,5.8864706435674,13.645909219179,11.5053744396999,10.4351070499604,5.08377010126275,8.56213911791622,26.7566847434882,11.237807592265,4.54863640639299,5.61890379613252,9.63240650765574,12.8432086768743,8.29457227048134,2.14053477947905,5.8864706435674,17.9269787781371,0.024522498438436,0.0256576725579628,0.0243041299391692,0.0244126582305471,0.0252014782522091,0.0259947922161763,0.0234118263186972,0.024331347268584,0.0244980427127853,0.0248619891778817,0.0240906221309172,0.0247334887136228,0.0258256642429699,0.0242988467588872,0.0226369453109199,0.0239636620996635,0.0248109248058327,0.0237229789440853,0.023329432132727,0.0246615946790897,0.0246105041299074,0.0243953861875906,0.023642467964519,0.0243470113422164,0.0242643303347065,0.0236724731023376,0.0235235980070183,0.0255368050108309,0.0255845243078809,0.0235854572469464
9.43666507916403,6.84158218239393,1.65141638885371,3.30283277770741,1.88733301583281,1.65141638885371,1.41549976187461,4.24649928562382,0.943666507916403,1.65141638885371,7.54933206333123,0.943666507916403,0.471833253958202,2.35916626979101,4.95424916656112,4.71833253958202,3.53874940468651,0.943666507916403,1.88733301583281,4.01058265864472,0.0242197152348201,0.0251623598780046,0.0254516787718045,0.0257680734295558,0.0245955919422917,0.0263175418108499,0.0253103711941952,0.0261771905003661,0.0237801291270538,0.0255786423293754,0.0235044094183061,0.0235925171552887,0.0268135179292372,0.0255185393261921,0.0260669794507605,0.0267079017847134,0.0260177358357601,0.0246781325466151,0.0274991390113293,0.0255657559031934,0.0248437678110859,0.0250335842220837,0.0265462416638454,0.025889519680307,0.026107014175037,0.0263082501915381,0.0259564191365513,0.0251977809839259,0.0264047452873228,0.0234701272894893
10.5535625394346,6.17769514503491,2.831443608141,7.46471496691719,1.80182775063518,11.325774432564,6.43509910941137,11.0683704681876,5.662887216282,4.37586739439973,13.1276021831992,8.75173478879946,1.80182775063518,1.28701982188227,4.11846343002328,7.46471496691719,3.34625153689391,0.514807928752909,2.31663567938809,8.75173478879946,0.0254496259490426,0.0237847258337718,0.0248411880587548,0.0238844739686951,0.0238386872244967,0.0254092348916826,0.0230659670064554,0.0261427399248592,0.0220359253858962,0.025779071774134,0.0257458091922309,0.0249830559170183,0.0243685372308427,0.0223766353352564,0.0241955874623729,0.026333582254369,0.0250949351264965,0.0234657120239746,0.0253797486021022,0.0260654965847668,0.0253914940391165,0.0256583220558075,0.0262964017114533,0.0244304245036792,0.024524160505484,0.024713996690308,0.0256180842541454,0.0242131009825553,0.0259400736127152,0.0235692375210625
13.7054438513686,15.5504074467452,17.9225034979436,19.7674670933201,3.95349341866402,20.5581657770529,9.75195043270459,16.8682385862998,7.64342060941711,27.4108877027372,43.2248613773933,20.294599549142,7.90698683732805,17.6589372700326,16.6046723583889,33.4729109446887,21.3488644607857,3.95349341866402,12.6511789397249,22.9302618282513,0.0249462235383526,0.0247661660339301,0.0245867611048574,0.0250774685542905,0.0252152707673947,0.0247909759628162,0.0244850729762997,0.0249942335211096,0.0237259991726133,0.0249673616852941,0.0243178901673558,0.0235707743437377,0.0245589552975514,0.0240694506694414,0.0245758479171506,0.024303335839456,0.0247368875376067,0.0243565314869386,0.0245117749991278,0.0244363537680888,0.0237216110628119,0.025256400210505,0.0239471924863236,0.0245581264618769,0.0253429435620575,0.0238786748057125,0.0240468658476952,0.0253144479565431,0.0243153626171931,0.0250588117349332
2.36196779657166,2.36196779657166,1.41718067794299,1.41718067794299,0.944787118628662,3.54295169485748,1.65337745760016,1.41718067794299,0.944787118628662,3.54295169485748,4.01534525417182,2.59816457622882,0.472393559314331,1.41718067794299,0.472393559314331,2.83436135588599,0.708590338971497,0.472393559314331,2.36196779657166,3.30675491520032,0.0241125074806809,0.0278016270146162,0.0229077838991777,0.0255627462592023,0.0267533869554695,0.0269784217771181,0.0235785345176661,0.0246149216704599,0.0281374510413614,0.0266514387932271,0.0266851368185989,0.0265937927853414,0.025080698384121,0.0246047443302234,0.0228845212697821,0.0248016245711588,0.0238224448255418,0.0228612493707849,0.0239845265134686,0.0248362377524592,0.0262828814464414,0.0275255790994724,0.024095533500859,0.0254495212317572,0.0275557629018035,0.0269066065096137,0.0247734832684196,0.0269701407708179,0.0256737990655721,0.0253161165176181
11.3738065677555,6.25559361226552,10.5207710751738,6.82428394065329,1.42172582096944,10.8051162393677,6.53993877645941,3.98083229871442,3.41214197032665,8.8147000900105,16.7763646874393,7.10862910484718,3.98083229871442,3.69648713452053,6.82428394065329,17.0607098516332,6.25559361226552,1.13738065677555,3.41214197032665,8.8147000900105,0.0256064247369432,0.0248948960395595,0.0224559772481511,0.0250980615039836,0.0234572083651343,0.0245908124229632,0.0236081345619422,0.0230025190153598,0.0247973754511871,0.0249695879270585,0.0230779029497251,0.0250785475347586,0.0242839063369955,0.0217648715645534,0.0238638247107982,0.0234433329170046,0.023424418240553,0.0248311746487569,0.0224031081007431,0.0248286334546613,0.0227458905183179,0.0230598073373133,0.0231532767546666,0.0243600647137448,0.0237067432802399,0.0235763615266713,0.0247746941884044,0.0235861368954578,0.0247893350481698,0.0224218078122948
11.3738065677555,6.25559361226552,10.5207710751738,6.82428394065329,1.42172582096944,10.8051162393677,6.53993877645941,3.98083229871442,3.41214197032665,8.8147000900105,16.7763646874393,7.10862910484718,3.98083229871442,3.69648713452053,6.82428394065329,17.0607098516332,6.25559361226552,1.13738065677555,3.41214197032665,8.8147000900105,0.0256064247369432,0.0248948960395595,0.0224559772481511,0.0250980615039836,0.0234572083651343,0.0245908124229632,0.0236081345619422,0.0230025190153598,0.0247973754511871,0.0249695879270585,0.0230779029497251,0.0250785475347586,0.0242839063369955,0.0217648715645534,0.0238638247107982,0.0234433329170046,0.023424418240553,0.0248311746487569,0.0224031081007431,0.0248286334546613,0.0227458905183179,0.0230598073373133,0.0231532767546666,0.0243600647137448,0.0237067432802399,0.0235763615266713,0.0247746941884044,0.0235861368954578,0.0247893350481698,0.0224218078122948
34.8070911283728,34.8070911283728,41.8204602363285,48.8338293442842,10.9096852790422,47.7948116986612,24.9364234949537,30.131511723069,22.5986337923018,62.3410587373841,79.225095478759,45.716776407415,11.9487029246653,46.4960396416323,32.2095470143151,66.2373749084706,45.1972675846035,8.57189557639032,38.4436528880535,49.09358375569,0.0256790232950794,0.0246898222802364,0.0251122032314575,0.0244115262125401,0.024937166670904,0.0253236168393965,0.0240256171312258,0.0245460005068641,0.0243098129993999,0.0246805532734192,0.0238103798592949,0.0245758231684262,0.0253991685571834,0.0241123338371074,0.0242190900168911,0.0247314079812629,0.025151361696198,0.0245504797625525,0.0247490291919675,0.0242541495823318,0.0243141843851591,0.0244673415070552,0.024825436481439,0.024689230497399,0.0246873735434913,0.0246585571063814,0.0248318911781778,0.0250549783407553,0.0250122589468095,0.0244357705138264
0.79643367104872,1.06191156139829,2.38930101314616,2.12382312279659,2.92025679384531,1.59286734209744,0.530955780699147,0,0.265477890349573,5.30955780699147,3.18573468419488,4.77860202629232,0.79643367104872,2.12382312279659,0.79643367104872,3.18573468419488,2.65477890349573,0.79643367104872,3.18573468419488,2.65477890349573,0.0233599933532925,0.0240317212006977,0.0238385465599906,0.0237917846708846,0.0241089241125139,0.0247527994528119,0.0230006685882192,0.0237805901635015,0.0231439381065101,0.0241608044518063,0.0246334723278191,0.0234100936653717,0.0239385832481034,0.0259062423709492,0.0248212649496324,0.0249027075112656,0.0243629337213554,0.0263065191257508,0.0241665860794431,0.0232080854062079,0.0254267501148645,0.0251211815092233,0.0269357485450904,0.0237968200752872,0.026021913678452,0.0257696089284316,0.0227726635776399,0.0268416870219048,0.0232771782645108,0.0249322988688953
5.94338588165913,5.94338588165913,12.1451798451295,14.2124444996197,1.80885657267886,15.2460768268647,4.65134547260279,12.1451798451295,3.1008969817352,14.9876687450534,14.2124444996197,13.1788121723746,2.84248889992393,8.26905861796052,11.1115475178845,15.504484908676,7.23542629071546,3.1008969817352,8.78587478158306,8.26905861796052,0.0230635021670361,0.0243088676832091,0.0234468362665566,0.0235405862615962,0.0246434600223412,0.0248410998185223,0.0241431365933277,0.0244106375351623,0.0243277130053025,0.0232970309954377,0.0244429907020405,0.0237987311560383,0.0255238551485867,0.0244897638197814,0.0252033015014658,0.0246210519381636,0.0246714647349098,0.0255543626091064,0.024049555219311,0.0252399841200295,0.0244418873550362,0.0254188301917806,0.0257501814729596,0.0266258612334712,0.0255227459932685,0.0249412613446328,0.0260265804203793,0.0253244045162023,0.0252643679442825,0.024657866418796
11.140119984512,7.84872089817893,6.32961362756365,8.60827453348657,2.02547636082037,10.3805663492044,4.30413726674329,13.6719654355375,3.79776817653819,7.84872089817893,12.4060427100248,7.08916726287129,5.57005999225602,7.08916726287129,9.8741972589993,11.6464890747171,6.83598271776875,4.30413726674329,4.81050635694838,10.8869354394095,0.0232498930136492,0.0251455695023481,0.0249007664743529,0.0239118673504805,0.0244668658853148,0.0256224078077541,0.0244933788554327,0.0252084474839715,0.0249604604633132,0.0246249104647326,0.0248184078343804,0.0249324841092509,0.024046310061912,0.0242197104428642,0.0260846810665404,0.0255494536185949,0.0256457095627432,0.025606962349051,0.0250009691884858,0.0240230658939868,0.0252619831332929,0.0248532333014786,0.0254726375160917,0.0241534021199952,0.0242679709181238,0.0253157887665455,0.0254264387740334,0.0259695306956705,0.0253941366943641,0.0241880115486989
5.46663533814173,5.72695130662467,6.24758324359055,6.24758324359055,2.34284371634646,13.2761143926299,8.33011099145407,6.24758324359055,1.56189581089764,3.64442355876116,12.755482455664,7.54916308600525,3.38410759027822,5.46663533814173,3.38410759027822,7.54916308600525,7.80947905448819,1.82221177938058,2.86347565331234,5.46663533814173,0.0261920902740638,0.0251053231758289,0.0239148854387083,0.0247261047363014,0.024966543442095,0.0253206914978248,0.0218366781772716,0.0245073001271427,0.0267807485471886,0.0242152662005917,0.0246671977689088,0.0255377363912551,0.0244179853837837,0.0242260318735668,0.0239536983823813,0.0259825815381904,0.0249415072033309,0.0222276131021505,0.0257815426425807,0.0249192562418701,0.0223274196781032,0.0255616471387527,0.023613789267353,0.0260628711333847,0.0240752728032684,0.0254827492017816,0.0241148246717348,0.023921899054769,0.024586107632149,0.025716668790729
2.00613461766876,0.57318131933393,4.87204121433841,1.43295329833483,3.72567857567055,2.29272527733572,0.286590659666965,0.859771979000896,1.14636263866786,4.29885989500448,5.15863187400537,4.29885989500448,1.14636263866786,1.71954395800179,0.859771979000896,2.86590659666965,2.29272527733572,0.859771979000896,2.86590659666965,2.86590659666965,0.0230538287741745,0.0201032698319061,0.0237567956568554,0.0218160377586481,0.0229135505603188,0.0225692461741674,0.0213633298396851,0.0231265524715321,0.0226719509911516,0.0237409409272381,0.0228739755146666,0.0226437476134574,0.0225332084155303,0.0225826021362806,0.0253831758588204,0.0239023653060308,0.0245601152294822,0.025948929278323,0.0241453425301941,0.024796773904052,0.0229990268911491,0.0253730630556797,0.0242172255186174,0.0241196891546257,0.0252451157822725,0.0259238466854734,0.0256087904765415,0.0265336102592459,0.0234617845626336,0.0254414491742813
3.33256807898964,2.3071625162236,2.81986529760662,2.05081112553209,1.28175695345755,3.33256807898964,2.3071625162236,1.79445973484058,1.28175695345755,5.63973059521324,5.38337920452173,5.12702781383021,1.02540556276604,2.56351390691511,1.53810834414906,4.61432503244719,2.56351390691511,0.512702781383021,2.3071625162236,3.58891946968115,0.0235099491498678,0.0257861792736294,0.0255927826580225,0.0245756011911474,0.0244198377833494,0.0263802931823107,0.0225217558164437,0.0212560462951395,0.0254351381288736,0.0244059257036938,0.0245209410609708,0.0243678952724309,0.0234793647930189,0.0268368717036794,0.0236608063522238,0.0251367285741598,0.025101577111317,0.025594850412122,0.0263112671495279,0.0227836704543258,0.0264741291404158,0.0257046603769384,0.0261497858852118,0.0269212808796098,0.0234664044664626,0.0250352430800467,0.0257928987047969,0.0223842188460655,0.0259910315133702,0.0240514743493174
3.35049006279494,2.31957004347342,2.83503005313418,4.12368007728608,3.60822006762532,5.1546000966076,0,1.80411003381266,0.773190014491139,3.8659500724557,3.35049006279494,3.60822006762532,2.06184003864304,0.773190014491139,1.03092001932152,3.09276005796456,2.31957004347342,0.773190014491139,1.80411003381266,6.44325012075949,0.0226174546042698,0.0259455079892834,0.0236281737683436,0.0235639107659789,0.0249428198592301,0.0215756942580173,0.0243698160264995,0.0224550214194805,0.021741244820659,0.024761376617745,0.0250889409247364,0.0232409475762339,0.0240442123864404,0.0232821316295392,0.0238537855677286,0.0258034262711569,0.0250170090977615,0.0267332796250112,0.0264973919505296,0.0259742522121904,0.0248796660934093,0.0257327065997156,0.0250215482661034,0.0264000412714209,0.027168413141339,0.0249081783909449,0.0229811187038031,0.0257469755445017,0.0275588044341837,0.0267361453533636
13.1974780688771,9.39051324131637,5.83734606892639,13.4512757240478,1.77658358619499,14.2126686895599,4.82215544824354,16.750645241267,3.80696482756069,6.59873903443853,13.1974780688771,7.36013199995067,5.58354841375568,8.37532262063352,9.39051324131637,12.1822874481942,8.12152496546281,2.79177420687784,6.59873903443853,10.9132991723406,0.0249246136498838,0.0246033438760776,0.02492951737023,0.024301282975649,0.0249207781184063,0.0249069817840529,0.0246445167435173,0.0252581486534612,0.0250900242644315,0.0235128769836768,0.0249164420669494,0.0244486996221199,0.0248158378512104,0.0248048168562056,0.0252754631010261,0.0250967389059199,0.0249662305362734,0.0248574083416614,0.0240068394249995,0.0246245368861707,0.0251531102208135,0.0253042722268703,0.0246618044465183,0.024451555104496,0.0257548922463384,0.0252921081593089,0.0250174523038095,0.0260029986339952,0.0258142578691428,0.0238447956060717
20.9949082883264,18.495514444478,15.4962418318599,30.742544279335,8.74787845346932,22.2446052102505,10.2475147597783,30.4926048949502,12.7469086036267,19.2453325976325,29.9927261261805,24.4940596697141,5.24872707208159,17.9956356757083,14.2465449099357,29.242907973026,19.7452113664022,4.49890891892708,16.4959993693993,25.4938172072534,0.0240499332727763,0.0247420218603407,0.0245243705275615,0.025539441997912,0.0262018665789027,0.0246908162505501,0.0255397077864802,0.0263754465057442,0.0234767574542949,0.0243405879786344,0.0246552224134388,0.0245745040308812,0.02386726916226,0.0249946329741678,0.024765651840811,0.0248031754899061,0.0258496215615274,0.0249164671859741,0.0257467053919251,0.0252495368352976,0.0255379365037086,0.0254191948654896,0.0255796565535479,0.0257647739620554,0.0249627093502564,0.0247382672772784,0.0250960048260992,0.0247425044100307,0.0245215827485115,0.0247942480187988
17.2553098553512,15.4525162883742,31.162574514888,36.8284971539586,8.24134202046625,28.3296131953527,11.0743033400015,28.8446970716319,7.21117426790797,26.7843615665153,27.556987380934,30.3899487004693,5.15083876279141,23.4363163707009,15.1949743502347,27.0419035046549,23.4363163707009,4.12067101023313,15.4525162883742,25.4966518758175,0.024097899623247,0.0247673450184905,0.0240249094363282,0.025309755005532,0.0248896695480088,0.0250176353973466,0.0251107776860662,0.0244988905493905,0.0248971812510063,0.0244493829362634,0.0248863511049345,0.0243016390769549,0.0241222843045159,0.0247780574898674,0.0244967769905961,0.0251955387650275,0.0250956365333528,0.024530903561397,0.0252407434085633,0.0251180691988757,0.0248415584375346,0.0248142499166331,0.0243562743418754,0.0248728924980128,0.0254712289551915,0.0248083591168278,0.0240896008924339,0.0244340033858207,0.0246122713074725,0.0253281761228626
3.35913556063399,4.13432069001107,4.65111077626245,5.16790086251384,2.06716034500553,2.84234547438261,1.80876530187984,5.16790086251384,1.29197521562846,5.94308599189091,7.49345625064506,2.32555538813123,1.29197521562846,5.68469094876522,2.84234547438261,6.45987607814229,4.90950581938814,0.516790086251384,3.61753060375968,4.90950581938814,0.0236909453433202,0.0251111587236754,0.0225059576997568,0.0243334981433349,0.0261679764689377,0.0230281978395472,0.0234861906558023,0.0249473436349536,0.0231365629020962,0.0249932641967493,0.0246285439605821,0.0240559360209763,0.0257737821988973,0.0256629690112258,0.024049714275096,0.0254897107877742,0.0243634814336841,0.0237437860349167,0.0246714619975226,0.0268345760587296,0.0253910757538932,0.0257311081162234,0.0257826190630226,0.025663652382663,0.0239497906233644,0.0247370860893154,0.0260003899412739,0.0246607085467231,0.0236268745099376,0.0253865944603131
14.0030875361185,7.89264933853952,9.42025888793427,9.42025888793427,2.03681273252633,10.6932668457632,5.6012350144474,16.2945018602106,3.30982069035528,8.40185252167111,12.4754779867238,8.40185252167111,3.56442228192108,6.11043819757899,8.40185252167111,11.9662748035922,9.16565729636848,4.32822705661845,5.8558366060132,7.89264933853952,0.0235467067249353,0.0237920164275158,0.0244012263920644,0.0254040900255323,0.0251128835443473,0.0256599016574554,0.0254715743190186,0.0252086500604506,0.0248588071678355,0.0249255500386503,0.0255546202815097,0.0243319854700661,0.025121373033878,0.0256258670656103,0.0254149034104592,0.0252456959755847,0.0249333178912653,0.0250887655324177,0.0264036101864192,0.0242295295111452,0.024137217343749,0.0245862340383305,0.0249181384005312,0.0244573348487646,0.0243858851810037,0.023765173789987,0.0255106843975259,0.0250173079870642,0.0249030576948194,0.0233863000362726
32.9024506130226,29.6122055517203,66.079088314487,53.1922951577198,6.85467721104637,54.2890435114873,41.6764374431619,42.4989987084875,17.2737865718369,78.6916943828123,90.2075520973702,78.1433202059286,16.7254123949531,44.9666825044642,42.2248116200456,97.0622293084166,52.3697338923943,6.58049012260452,21.1124058100228,52.3697338923943,0.0249275975237467,0.0239041291448804,0.0242701689711498,0.0237874387936389,0.0246861015593202,0.0243130959599799,0.0237396446612712,0.024280600146087,0.0238551046331102,0.0247823614334381,0.0239745505148524,0.0243416926961888,0.0241506191461907,0.0242238361353227,0.0243091746569966,0.0237068447126935,0.0241539578182459,0.023838743729071,0.0244162677890719,0.0242881744507405,0.0247939402930513,0.0242010591047559,0.023908938127993,0.0241683419652428,0.0241521913930472,0.0237227567241595,0.0245902958893466,0.023682239956357,0.0247264527903356,0.0239165908378602
21.8891862191697,15.8957185639209,14.853376363008,27.100897223734,9.12049425798739,26.0585550228211,10.4234220091284,21.1074295684851,9.3810798082156,20.3256729178005,34.3972926301239,17.1986463150619,4.95112545433601,20.3256729178005,15.8957185639209,36.7425625821778,22.9315284200826,5.47229655479244,17.4592318652901,27.8826538744186,0.023084113396997,0.0239276349183295,0.025085465860564,0.0262528298094659,0.0255865991907189,0.0244768296308483,0.0249659412860064,0.0244272811279174,0.0240749712457481,0.0237416237111191,0.02378482793391,0.0248090933780463,0.0250314287911834,0.0248747862407308,0.0253708435036889,0.025130465537637,0.0249961161330446,0.0251155519368928,0.0249349142790721,0.0248440051419496,0.0254737857418696,0.0245829801347286,0.0245008744902375,0.0248366618915136,0.0239954138801561,0.0247121294761699,0.0231961143766654,0.0240128932669938,0.0244289920117914,0.0251592814477926
7.36628112679387,4.99854790746727,9.4709328773064,26.0450654125926,1.84157028169847,18.6787842857987,5.5247108450954,13.1540734407033,3.946222032211,11.838666096633,15.5218066600299,16.0479695976581,3.1569776257688,8.6816884708642,6.84011818916573,13.1540734407033,7.62936259560793,2.89389615695473,6.84011818916573,8.41860700205014,0.0223921479544065,0.0231056254852447,0.0242841018584881,0.024298950429346,0.0249472595982667,0.0242858364743719,0.0245792647625455,0.0253111106101813,0.023727588298494,0.0246762441995001,0.0227973850879399,0.0253750760856242,0.0256237156489337,0.0256885753991923,0.0238899507308813,0.0257077760572468,0.0248456650162451,0.0240088563987124,0.0231742980756283,0.0254061355982591,0.0252090765681385,0.0238206363974584,0.0256091080512544,0.0253263708994185,0.0252037882946476,0.025416860207598,0.025333483514732,0.0243209238117512,0.024778103020924,0.023774616650503
